Niveau;Matière;Chapitre;Titre chapitre;Leçon;Titre leçon;Questions générées;Définitions sources;Quiz flash validés;Q/R notes
1A;ADOC;Ch.1;Comprendre l’ADOC et l’unité commerciale omnicanale;1.1;Comprendre le rôle de l’ADOC et les canaux de vente;10;5;0;6
1A;ADOC;Ch.1;Comprendre l’ADOC et l’unité commerciale omnicanale;1.2;Analyser un parcours client omnicanal;10;6;0;7
1A;ADOC;Ch.1;Comprendre l’ADOC et l’unité commerciale omnicanale;1.3;S’entraîner à décider dans une unité commerciale omnicanale;10;6;0;7
1A;ADOC;Ch.2;Analyser le marché, l’environnement et les tendances;2.1;Comprendre le marché et ses composantes;10;3;0;5
1A;ADOC;Ch.2;Analyser le marché, l’environnement et les tendances;2.2;Analyser l’environnement et construire un diagnostic;10;4;0;9
1A;ADOC;Ch.2;Analyser le marché, l’environnement et les tendances;2.3;Transformer le diagnostic en décision commerciale;10;6;0;7
1A;ADOC;Ch.3;Comprendre la demande, segmenter et construire un persona;3.1;Comprendre besoins, motivations et freins;10;6;0;5
1A;ADOC;Ch.3;Comprendre la demande, segmenter et construire un persona;3.2;Segmenter, cibler et construire un persona;10;7;0;9
1A;ADOC;Ch.3;Comprendre la demande, segmenter et construire un persona;3.3;Adapter l’offre à une cible et justifier ses choix;10;8;0;7
1A;ADOC;Ch.4;Analyser l’offre concurrente et construire un benchmark;4.1;Identifier l’offre et les concurrents;10;6;0;5
1A;ADOC;Ch.4;Analyser l’offre concurrente et construire un benchmark;4.2;Construire un benchmark pertinent;10;5;0;9
1A;ADOC;Ch.4;Analyser l’offre concurrente et construire un benchmark;4.3;Interpréter les écarts et recommander un positionnement;10;5;0;7
1A;ADOC;Ch.5;Formes de commerce, réseaux et stratégies de distribution;5.1;Distinguer les formes de commerce;10;2;0;5
1A;ADOC;Ch.5;Formes de commerce, réseaux et stratégies de distribution;5.2;Comprendre les réseaux de distribution;10;7;0;9
1A;ADOC;Ch.5;Formes de commerce, réseaux et stratégies de distribution;5.3;Choisir et justifier une stratégie de distribution;10;7;0;7
1A;ADOC;Ch.6;Canaux, circuits, logistique et disponibilité de l’offre;6.1;Comprendre canaux et circuits de distribution;10;4;0;5
1A;ADOC;Ch.6;Canaux, circuits, logistique et disponibilité de l’offre;6.2;Relier logistique, stock et disponibilité de l’offre;10;5;0;8
1A;ADOC;Ch.6;Canaux, circuits, logistique et disponibilité de l’offre;6.3;Choisir un circuit et traiter les ruptures;10;5;0;7
1A;ADOC;Ch.7;Construire l’offre : gamme, assortiment, produits et services;7.1;Comprendre gamme, largeur et profondeur;10;7;0;5
1A;ADOC;Ch.7;Construire l’offre : gamme, assortiment, produits et services;7.2;Construire un assortiment cohérent;10;10;0;9
1A;ADOC;Ch.7;Construire l’offre : gamme, assortiment, produits et services;7.3;Articuler produits, services et attentes clients;10;9;0;7
1A;ADOC;Ch.8;Marque, packaging, qualité, droit des marques et signes de qualité;8.1;Comprendre la marque et son identité;10;5;0;5
1A;ADOC;Ch.8;Marque, packaging, qualité, droit des marques et signes de qualité;8.2;Lire le packaging et les signes de qualité;10;4;0;9
1A;ADOC;Ch.8;Marque, packaging, qualité, droit des marques et signes de qualité;8.3;Protéger la marque et respecter le cadre juridique;10;4;0;7
1A;ADOC;Ch.9;Marchandisage : rendre l’espace vendeur;9.1;Comprendre les principes du marchandisage;10;5;0;5
1A;ADOC;Ch.9;Marchandisage : rendre l’espace vendeur;9.2;Maîtriser zoning, linéaire et facing;10;6;0;9
1A;ADOC;Ch.9;Marchandisage : rendre l’espace vendeur;9.3;Analyser et améliorer la performance de l’espace vendeur;10;6;0;7
1A;ADOC;Ch.10;Maintenir un espace opérationnel, attractif, sûr et conforme;10.1;Rendre l’espace disponible et attractif;10;3;0;5
1A;ADOC;Ch.10;Maintenir un espace opérationnel, attractif, sûr et conforme;10.2;Garantir sécurité et conformité;10;3;0;9
1A;ADOC;Ch.10;Maintenir un espace opérationnel, attractif, sûr et conforme;10.3;Maintenir l’espace et décider des actions correctives;10;3;0;7
1A;ADOC;Ch.11;Animations et promotions : créer du trafic sans détruire la marge;11.1;Comprendre les objectifs et mécaniques promotionnelles;10;4;0;5
1A;ADOC;Ch.11;Animations et promotions : créer du trafic sans détruire la marge;11.2;Concevoir une animation commerciale;10;7;0;9
1A;ADOC;Ch.11;Animations et promotions : créer du trafic sans détruire la marge;11.3;Mesurer rentabilité, risques et efficacité de la promotion;10;6;0;7
1A;ADOC;Ch.12;Communication locale, digitale et réglementation;12.1;Maîtriser la communication locale et sur le lieu de vente;10;3;0;5
1A;ADOC;Ch.12;Communication locale, digitale et réglementation;12.2;Comprendre les leviers de communication digitale;10;4;0;8
1A;ADOC;Ch.12;Communication locale, digitale et réglementation;12.3;Respecter la réglementation et mesurer l’efficacité;10;4;0;7
1A;ADOC;Ch.13;Projet terrain ADOC : diagnostic, action et première fiche E6;13.1;Réaliser un diagnostic terrain;10;2;0;5
1A;ADOC;Ch.13;Projet terrain ADOC : diagnostic, action et première fiche E6;13.2;Concevoir et piloter une action ADOC;10;3;0;9
1A;ADOC;Ch.13;Projet terrain ADOC : diagnostic, action et première fiche E6;13.3;Construire sa première situation et fiche E6;10;3;0;8
2A;ADOC;Ch.1;Réactivation ADOC et exigences E6/U6;1.1;Réactiver les compétences ADOC essentielles;10;2;0;6
2A;ADOC;Ch.1;Réactivation ADOC et exigences E6/U6;1.2;Comprendre précisément le dossier E6;10;3;0;7
2A;ADOC;Ch.1;Réactivation ADOC et exigences E6/U6;1.3;Construire preuves, argumentation et réflexes d’oral;10;3;0;7
2A;ADOC;Ch.2;Adapter l’offre localement sans sortir de la politique d’enseigne;2.1;Comprendre la politique d’enseigne;10;6;0;5
2A;ADOC;Ch.2;Adapter l’offre localement sans sortir de la politique d’enseigne;2.2;Adapter l’offre au contexte local;10;4;0;8
2A;ADOC;Ch.2;Adapter l’offre localement sans sortir de la politique d’enseigne;2.3;Justifier une adaptation sans sortir du cadre de l’enseigne;10;4;0;7
2A;ADOC;Ch.3;Relations producteurs/distributeurs, fournisseurs, contrats et urbanisme commercial;3.1;Comprendre les relations producteurs-distributeurs;10;4;0;5
2A;ADOC;Ch.3;Relations producteurs/distributeurs, fournisseurs, contrats et urbanisme commercial;3.2;Maîtriser fournisseurs, contrats et négociation;10;5;0;8
2A;ADOC;Ch.3;Relations producteurs/distributeurs, fournisseurs, contrats et urbanisme commercial;3.3;Intégrer urbanisme commercial et contraintes de distribution;10;6;0;7
2A;ADOC;Ch.4;Merchandising avancé physique et e-merchandising;4.1;Optimiser le merchandising en magasin;10;7;0;5
2A;ADOC;Ch.4;Merchandising avancé physique et e-merchandising;4.2;Maîtriser les principes de l’e-merchandising;10;5;0;8
2A;ADOC;Ch.4;Merchandising avancé physique et e-merchandising;4.3;Créer une cohérence physique-digitale et améliorer l’implantation;10;5;0;7
2A;ADOC;Ch.5;Mesurer la performance d’une implantation;5.1;Choisir les bons indicateurs d’implantation;10;6;0;5
2A;ADOC;Ch.5;Mesurer la performance d’une implantation;5.2;Calculer et interpréter la performance du linéaire;10;4;0;9
2A;ADOC;Ch.5;Mesurer la performance d’une implantation;5.3;Diagnostiquer et corriger une implantation;10;4;0;7
2A;ADOC;Ch.6;Concevoir une animation commerciale omnicanale;6.1;Définir objectifs, cible et concept d’animation;10;4;0;5
2A;ADOC;Ch.6;Concevoir une animation commerciale omnicanale;6.2;Construire un dispositif omnicanal cohérent;10;9;0;8
2A;ADOC;Ch.6;Concevoir une animation commerciale omnicanale;6.3;Planifier, piloter et mesurer l’animation;10;7;0;7
2A;ADOC;Ch.7;Piloter une promotion sans casser la rentabilité;7.1;Comprendre les mécaniques de promotion;10;3;0;5
2A;ADOC;Ch.7;Piloter une promotion sans casser la rentabilité;7.2;Calculer marge, volume et seuil de rentabilité;10;6;0;8
2A;ADOC;Ch.7;Piloter une promotion sans casser la rentabilité;7.3;Décider de maintenir, corriger ou arrêter une promotion;10;2;0;7
2A;ADOC;Ch.8;Communication sur le lieu de vente et communication externe locale;8.1;Maîtriser la communication sur le lieu de vente;10;5;0;5
2A;ADOC;Ch.8;Communication sur le lieu de vente et communication externe locale;8.2;Construire une communication externe locale;10;5;0;8
2A;ADOC;Ch.8;Communication sur le lieu de vente et communication externe locale;8.3;Assurer cohérence du message, de la cible et de la mesure;10;5;0;7
2A;ADOC;Ch.9;Communication digitale, réseaux sociaux, avis et géolocalisation;9.1;Piloter réseaux sociaux et contenus;10;5;0;5
2A;ADOC;Ch.9;Communication digitale, réseaux sociaux, avis et géolocalisation;9.2;Gérer avis, e-réputation et géolocalisation;10;5;0;8
2A;ADOC;Ch.9;Communication digitale, réseaux sociaux, avis et géolocalisation;9.3;Mesurer la performance digitale et décider;10;4;0;7
2A;ADOC;Ch.10;Gestion de projet ADOC : planning, budget, risques et preuves;10.1;Cadrer un projet ADOC;10;2;0;5
2A;ADOC;Ch.10;Gestion de projet ADOC : planning, budget, risques et preuves;10.2;Planifier, budgéter et maîtriser les risques;10;4;0;8
2A;ADOC;Ch.10;Gestion de projet ADOC : planning, budget, risques et preuves;10.3;Constituer les preuves et piloter l’avancement;10;3;0;7
2A;ADOC;Ch.11;Évaluer l’action commerciale et proposer des axes d’amélioration;11.1;Mesurer les résultats d’une action;10;3;0;5
2A;ADOC;Ch.11;Évaluer l’action commerciale et proposer des axes d’amélioration;11.2;Analyser écarts et causes;10;4;0;8
2A;ADOC;Ch.11;Évaluer l’action commerciale et proposer des axes d’amélioration;11.3;Proposer des axes d’amélioration argumentés;10;3;0;7
2A;ADOC;Ch.12;Dossier et oral E6 : convaincre sans réciter;12.1;Structurer le dossier E6;10;2;0;5
2A;ADOC;Ch.12;Dossier et oral E6 : convaincre sans réciter;12.2;Construire un support oral efficace;10;2;0;8
2A;ADOC;Ch.12;Dossier et oral E6 : convaincre sans réciter;12.3;Soutenir l’oral et répondre aux questions du jury;10;3;0;7
2A;ADOC;Ch.13;Cas complet ADOC : diagnostic → action → bilan;13.1;Réaliser le diagnostic d’un cas complet;10;3;0;5
2A;ADOC;Ch.13;Cas complet ADOC : diagnostic → action → bilan;13.2;Construire et justifier l’action;10;5;0;8
2A;ADOC;Ch.13;Cas complet ADOC : diagnostic → action → bilan;13.3;Évaluer le bilan et formuler la recommandation;10;4;0;8
1A;GO;Ch.1;Comprendre la GO et l’épreuve E7/U7;1.1;Comprendre le rôle de la gestion opérationnelle;10;4;0;6
1A;GO;Ch.1;Comprendre la GO et l’épreuve E7/U7;1.2;Comprendre la logique de l’épreuve E7;10;2;0;7
1A;GO;Ch.1;Comprendre la GO et l’épreuve E7/U7;1.3;Adopter la méthode données → calcul → interprétation → décision;10;4;0;7
1A;GO;Ch.2;Cadre légal, documents commerciaux, facture, TVA et délais;2.1;Comprendre le cadre légal et les documents commerciaux;10;4;0;5
1A;GO;Ch.2;Cadre légal, documents commerciaux, facture, TVA et délais;2.2;Maîtriser facture, HT, TVA et TTC;10;6;0;9
1A;GO;Ch.2;Cadre légal, documents commerciaux, facture, TVA et délais;2.3;Contrôler délais, calculs et conformité d’une facture;10;9;0;7
1A;GO;Ch.3;Cycle d’exploitation, flux physiques/financiers et BFR;3.1;Comprendre le cycle d’exploitation;10;4;0;5
1A;GO;Ch.3;Cycle d’exploitation, flux physiques/financiers et BFR;3.2;Relier flux physiques et flux financiers;10;5;0;9
1A;GO;Ch.3;Cycle d’exploitation, flux physiques/financiers et BFR;3.3;Calculer et interpréter le BFR;10;4;0;7
1A;GO;Ch.4;Règlements, trésorerie et impayés;4.1;Maîtriser les moyens de règlement;10;2;0;5
1A;GO;Ch.4;Règlements, trésorerie et impayés;4.2;Suivre la trésorerie au quotidien;10;5;0;8
1A;GO;Ch.4;Règlements, trésorerie et impayés;4.3;Prévenir et traiter les impayés;10;3;0;7
1A;GO;Ch.5;Stocks et approvisionnements : enjeux et indicateurs;5.1;Comprendre le rôle et le coût du stock;10;4;0;5
1A;GO;Ch.5;Stocks et approvisionnements : enjeux et indicateurs;5.2;Calculer rotation, couverture et niveaux de stock;10;4;0;8
1A;GO;Ch.5;Stocks et approvisionnements : enjeux et indicateurs;5.3;Décider des approvisionnements et limiter les ruptures;10;6;0;7
1A;GO;Ch.6;Inventaire et valorisation des stocks;6.1;Préparer et réaliser un inventaire;10;3;0;5
1A;GO;Ch.6;Inventaire et valorisation des stocks;6.2;Valoriser les stocks;10;3;0;8
1A;GO;Ch.6;Inventaire et valorisation des stocks;6.3;Analyser les écarts d’inventaire;10;5;0;7
1A;GO;Ch.7;Prix, coûts d’achat, marge, taux et coefficients;7.1;Passer du prix d’achat au coût d’achat;10;5;0;5
1A;GO;Ch.7;Prix, coûts d’achat, marge, taux et coefficients;7.2;Calculer marge, taux et coefficients;10;7;0;8
1A;GO;Ch.7;Prix, coûts d’achat, marge, taux et coefficients;7.3;Fixer et justifier un prix de vente;10;8;0;7
1A;GO;Ch.8;Coûts, charges fixes/variables et seuil de rentabilité;8.1;Distinguer charges fixes et variables;10;3;0;5
1A;GO;Ch.8;Coûts, charges fixes/variables et seuil de rentabilité;8.2;Calculer la marge sur coût variable;10;9;0;9
1A;GO;Ch.8;Coûts, charges fixes/variables et seuil de rentabilité;8.3;Déterminer seuil de rentabilité et point mort;10;6;0;7
1A;GO;Ch.9;Compte de résultat et rentabilité de l’exploitation;9.1;Lire la structure du compte de résultat;10;4;0;5
1A;GO;Ch.9;Compte de résultat et rentabilité de l’exploitation;9.2;Calculer le résultat de l’exploitation;10;3;0;8
1A;GO;Ch.9;Compte de résultat et rentabilité de l’exploitation;9.3;Analyser la rentabilité et proposer une décision;10;6;0;7
1A;GO;Ch.10;Bilan, équilibre financier, FRNG, BFR et trésorerie;10.1;Lire la structure du bilan;10;6;0;5
1A;GO;Ch.10;Bilan, équilibre financier, FRNG, BFR et trésorerie;10.2;Calculer FRNG, BFR et trésorerie nette;10;9;0;8
1A;GO;Ch.10;Bilan, équilibre financier, FRNG, BFR et trésorerie;10.3;Diagnostiquer l’équilibre financier;10;8;0;7
1A;GO;Ch.11;Risques courants, incidents et prévention;11.1;Identifier les risques courants;10;2;0;5
1A;GO;Ch.11;Risques courants, incidents et prévention;11.2;Prévenir les incidents;10;3;0;8
1A;GO;Ch.11;Risques courants, incidents et prévention;11.3;Traiter, tracer et sécuriser les suites d’un incident;10;6;0;7
1A;GO;Ch.12;Tableau de bord, reporting et système d’information commercial;12.1;Construire un tableau de bord utile;10;5;0;5
1A;GO;Ch.12;Tableau de bord, reporting et système d’information commercial;12.2;Organiser reporting et système d’information commercial;10;6;0;8
1A;GO;Ch.12;Tableau de bord, reporting et système d’information commercial;12.3;Décider à partir des KPI;10;9;0;8
2A;GO;Ch.1;Réactivation GO et stratégie de copie E7/U7;1.1;Réactiver les automatismes de GO;10;1;0;6
2A;GO;Ch.1;Réactivation GO et stratégie de copie E7/U7;1.2;Construire une stratégie de copie E7;10;2;0;7
2A;GO;Ch.1;Réactivation GO et stratégie de copie E7/U7;1.3;Gérer temps, calculs et conclusions professionnelles;10;3;0;7
2A;GO;Ch.2;Stocks avancés : coût de commande, possession, rotation et rentabilité;2.1;Calculer les coûts de commande et de possession;10;4;0;5
2A;GO;Ch.2;Stocks avancés : coût de commande, possession, rotation et rentabilité;2.2;Optimiser rotation et niveau de stock;10;6;0;8
2A;GO;Ch.2;Stocks avancés : coût de commande, possession, rotation et rentabilité;2.3;Arbitrer rentabilité, service et risque de rupture;10;5;0;7
2A;GO;Ch.3;BFR, délais de paiement, banques et financement de l’exploitation;3.1;Analyser BFR et délais de paiement;10;3;0;5
2A;GO;Ch.3;BFR, délais de paiement, banques et financement de l’exploitation;3.2;Comprendre banques et financements court terme;10;3;0;8
2A;GO;Ch.3;BFR, délais de paiement, banques et financement de l’exploitation;3.3;Choisir un financement de l’exploitation;10;5;0;7
2A;GO;Ch.4;Compte de résultat avancé, SIG et rentabilité opérationnelle;4.1;Approfondir le compte de résultat;10;8;0;5
2A;GO;Ch.4;Compte de résultat avancé, SIG et rentabilité opérationnelle;4.2;Calculer et lire les SIG;10;6;0;8
2A;GO;Ch.4;Compte de résultat avancé, SIG et rentabilité opérationnelle;4.3;Analyser la rentabilité opérationnelle;10;6;0;7
2A;GO;Ch.5;Bilan fonctionnel, ratios, amortissements et provisions;5.1;Construire le bilan fonctionnel;10;5;0;5
2A;GO;Ch.5;Bilan fonctionnel, ratios, amortissements et provisions;5.2;Calculer et interpréter les ratios;10;8;0;8
2A;GO;Ch.5;Bilan fonctionnel, ratios, amortissements et provisions;5.3;Intégrer amortissements et provisions dans le diagnostic;10;5;0;7
2A;GO;Ch.6;Fixation des prix avancée : contraintes, modulation et promotions;6.1;Identifier les contraintes de fixation du prix;10;4;0;5
2A;GO;Ch.6;Fixation des prix avancée : contraintes, modulation et promotions;6.2;Maîtriser modulation et promotions;10;4;0;8
2A;GO;Ch.6;Fixation des prix avancée : contraintes, modulation et promotions;6.3;Arbitrer marge, volume et positionnement;10;2;0;7
2A;GO;Ch.7;Prévisions des ventes : tendance, saisonnalité et limites;7.1;Choisir une méthode de prévision;10;3;0;5
2A;GO;Ch.7;Prévisions des ventes : tendance, saisonnalité et limites;7.2;Analyser tendance et saisonnalité;10;3;0;8
2A;GO;Ch.7;Prévisions des ventes : tendance, saisonnalité et limites;7.3;Mesurer les limites et la fiabilité d’une prévision;10;3;0;7
2A;GO;Ch.8;Objectifs commerciaux, budgets et analyse des écarts;8.1;Fixer des objectifs commerciaux;10;3;0;5
2A;GO;Ch.8;Objectifs commerciaux, budgets et analyse des écarts;8.2;Construire et lire un budget;10;3;0;8
2A;GO;Ch.8;Objectifs commerciaux, budgets et analyse des écarts;8.3;Analyser les écarts et décider des actions correctives;10;4;0;7
2A;GO;Ch.9;Budget de trésorerie : encaissements, décaissements, soldes;9.1;Prévoir les encaissements;10;2;0;5
2A;GO;Ch.9;Budget de trésorerie : encaissements, décaissements, soldes;9.2;Prévoir les décaissements;10;3;0;8
2A;GO;Ch.9;Budget de trésorerie : encaissements, décaissements, soldes;9.3;Calculer le solde de trésorerie et décider;10;5;0;7
2A;GO;Ch.10;Investissement : emprunt, amortissement financier et choix de financement;10.1;Comparer les solutions de financement;10;5;0;5
2A;GO;Ch.10;Investissement : emprunt, amortissement financier et choix de financement;10.2;Maîtriser emprunt et amortissement financier;10;6;0;8
2A;GO;Ch.10;Investissement : emprunt, amortissement financier et choix de financement;10.3;Choisir le financement d’un investissement;10;9;0;7
2A;GO;Ch.11;VAN, flux nets, actualisation et délai de récupération;11.1;Construire les flux nets d’un investissement;10;5;0;5
2A;GO;Ch.11;VAN, flux nets, actualisation et délai de récupération;11.2;Actualiser les flux et calculer la VAN;10;5;0;8
2A;GO;Ch.11;VAN, flux nets, actualisation et délai de récupération;11.3;Utiliser VAN et délai de récupération pour décider;10;4;0;7
2A;GO;Ch.12;Risques, assurances, prévention et traitement légal des incidents;12.1;Identifier risques et assurances;10;3;0;5
2A;GO;Ch.12;Risques, assurances, prévention et traitement légal des incidents;12.2;Prévenir les incidents;10;5;0;8
2A;GO;Ch.12;Risques, assurances, prévention et traitement légal des incidents;12.3;Traiter légalement les incidents et leurs conséquences;10;6;0;7
2A;GO;Ch.13;SIC, tableau de bord, reporting et décisions correctrices;13.1;Organiser la collecte des données avec le SIC;10;5;0;5
2A;GO;Ch.13;SIC, tableau de bord, reporting et décisions correctrices;13.2;Construire tableau de bord et reporting;10;5;0;8
2A;GO;Ch.13;SIC, tableau de bord, reporting et décisions correctrices;13.3;Prendre des décisions correctrices à partir des indicateurs;10;5;0;7
2A;GO;Ch.14;Bootcamp E7 : cas de 3 heures et remédiation;14.1;Décoder efficacement un sujet E7 de 3 heures;10;1;0;5
2A;GO;Ch.14;Bootcamp E7 : cas de 3 heures et remédiation;14.2;Gérer le temps et rédiger une copie rentable en points;10;3;0;8
2A;GO;Ch.14;Bootcamp E7 : cas de 3 heures et remédiation;14.3;Corriger les erreurs et organiser la remédiation;10;4;0;8
